EsteEraElEvento1,Infantil,17/02/2022,Prueba1,155200,www.asereje.deja
Evento2,Conciertos,25/11/2015,Dubidubiduba,132435,wqeasd
Danzatón,Conciertos,17/07/2026,Baila baila baila hasta desfallecer.,5005,www.ajiaco.gov.co
Perro,Deportes,18/07/2024,Había una vez una iguana,2500,www.sadfesf.csa
Iguana2,Entretenimiento,16/06/2022,ASdsa,1234434,wefdsfgdf
TestCarga,Deportes,11/02/2022,cxvxc,419156615,www.carga.cpm
Azucar,Deportes,17/02/2024,Muevelo que tiene arena.,0,www.asdsad.ed
Test12343ca,Entretenimiento,17/05/2016,1245697741a4,787,www.cascas.com
Nombre pa feo,Cultura,12/02/2022,sadsad,213234,dfsa
UltimaPrueba,Conciertos,11/02/2022,Interfaz de usuario terminada.,10000000,www.moodle.con
EsteEraElEvento1,Infantil,17/02/2022,Prueba1,155200,www.asereje.deja
Evento2,Conciertos,25/11/2015,Dubidubiduba,132435,wqeasd
Danzatón,Conciertos,17/07/2026,Baila baila baila hasta desfallecer.,5005,www.ajiaco.gov.co
Perro,Deportes,18/07/2024,Había una vez una iguana,2500,www.sadfesf.csa
Iguana2,Entretenimiento,16/06/2022,ASdsa,1234434,wefdsfgdf
TestCarga,Deportes,11/02/2022,cxvxc,419156615,www.carga.cpm
Azucar,Deportes,17/02/2024,Muevelo que tiene arena.,0,www.asdsad.ed
Iguana2,Entretenimiento,16/06/2022,ASdsa,1234434,wefdsfgdf
TestCarga,Deportes,11/02/2022,cxvxc,419156615,www.carga.cpm
Azucar,Deportes,17/02/2024,Muevelo que tiene arena.,0,www.asdsad.edUltima Prueba
Ultima Prueba,Deportes,30/10/2022,Ultima PruebaUltima PruebaUltima Prueba,15000,asdas
sdasd,Cultura,4/02/2022,sd,1234,wdas
Prueba1224,Cultura,15/05/2025,asdsafd,124354,wqesfdg
122era,Entretenimiento,27/07/2017,sadasd,124354,dwasde
ABDSDCV,Deportes,14/02/2025,asdVFSVDBASD,20000,www,20k.es
